phase,orderWaitEdges,inventoryWaitEdges,globalRowLockWaits,globalRowLockTimeMs,error
warm_A,0,0,16313,2392601,
warm_A,0,0,16313,2392601,
warm_A,0,0,16313,2392601,
warm_A,0,0,16313,2392601,
warm_A,0,0,16313,2392601,
warm_A,0,0,16313,2392601,
warm_A,0,0,16313,2392601,
warm_A,0,36,16336,2393808,
warm_A,0,36,16353,2395991,
warm_A,0,36,16364,2397649,
warm_A,0,36,16375,2399773,
warm_A,0,36,16391,2402396,
warm_A,0,45,16407,2404459,
warm_A,0,1,16413,2406671,
A_pool10_hot1,0,0,16413,2406671,
A_pool10_hot1,0,45,16425,2406860,
A_pool10_hot1,0,45,16435,2408215,
A_pool10_hot1,0,36,16442,2410347,
A_pool10_hot1,0,45,16455,2412683,
A_pool10_hot1,0,36,16467,2414639,
A_pool10_hot1,0,45,16479,2416590,
A_pool10_hot1,0,36,16490,2419147,
A_pool10_hot1,0,45,16502,2420939,
A_pool10_hot1,0,45,16514,2423392,
A_pool10_hot1,0,45,16529,2425453,
A_pool10_hot1,0,45,16541,2427678,
A_pool10_hot1,0,45,16554,2429847,
A_pool10_hot1,0,45,16570,2432190,
A_pool10_hot1,0,45,16585,2434341,
A_pool10_hot1,0,45,16599,2436479,
A_pool10_hot1,0,45,16615,2438592,
A_pool10_hot1,0,36,16632,2440900,
A_pool10_hot1,0,45,16647,2443133,
A_pool10_hot1,0,36,16658,2445275,
A_pool10_hot1,0,45,16673,2447368,
A_pool10_hot1,0,45,16689,2449591,
A_pool10_hot1,0,45,16706,2451925,
A_pool10_hot1,0,45,16720,2454105,
A_pool10_hot1,0,45,16738,2456274,
A_pool10_hot1,0,45,16755,2458425,
A_pool10_hot1,0,36,16770,2460652,
A_pool10_hot1,0,45,16784,2462774,
A_pool10_hot1,0,36,16801,2464928,
A_pool10_hot1,0,45,16815,2467180,
A_pool10_hot1,0,45,16828,2469144,
A_pool10_hot1,0,36,16841,2471585,
A_pool10_hot1,0,45,16856,2473913,
A_pool10_hot1,0,45,16870,2475845,
A_pool10_hot1,0,45,16885,2478154,
A_pool10_hot1,0,45,16897,2480164,
A_pool10_hot1,0,36,16910,2482499,
A_pool10_hot1,0,36,16926,2484746,
A_pool10_hot1,0,45,16941,2486886,
A_pool10_hot1,0,45,16951,2488800,
A_pool10_hot1,0,45,16965,2491310,
A_pool10_hot1,0,45,16981,2493568,
A_pool10_hot1,0,36,16997,2495846,
A_pool10_hot1,0,45,17009,2498048,
A_pool10_hot1,0,45,17027,2500167,
A_pool10_hot1,0,45,17042,2502257,
A_pool10_hot1,0,45,17056,2504457,
A_pool10_hot1,0,45,17071,2506722,
A_pool10_hot1,0,45,17088,2508924,
A_pool10_hot1,0,45,17104,2511071,
A_pool10_hot1,0,45,17122,2513438,
A_pool10_hot1,0,45,17138,2515650,
A_pool10_hot1,0,45,17153,2517775,
A_pool10_hot1,0,45,17170,2520047,
A_pool10_hot1,0,36,17186,2522255,
A_pool10_hot1,0,45,17201,2524490,
A_pool10_hot1,0,45,17216,2526495,
A_pool10_hot1,0,45,17236,2529029,
A_pool10_hot1,0,36,17258,2531179,
A_pool10_hot1,0,45,17280,2533486,
A_pool10_hot1,0,45,17299,2535452,
A_pool10_hot1,0,45,17319,2537749,
A_pool10_hot1,0,45,17338,2540020,
A_pool10_hot1,0,45,17357,2542188,
A_pool10_hot1,0,36,17377,2544381,
A_pool10_hot1,0,45,17396,2546437,
A_pool10_hot1,0,15,17415,2548770,
warm_B,0,0,17415,2549336,
warm_B,0,351,17451,2550041,
warm_B,0,351,17468,2554092,
warm_B,0,351,17484,2560104,
warm_B,0,378,17501,2566900,
warm_B,0,253,17514,2573570,
warm_B,0,3,17514,2580572,
B_pool30_hot1,0,0,17514,2581213,
B_pool30_hot1,0,78,17537,2581881,
B_pool30_hot1,0,435,17569,2584538,
B_pool30_hot1,0,435,17585,2588652,
B_pool30_hot1,0,435,17599,2594812,
B_pool30_hot1,0,406,17614,2602344,
B_pool30_hot1,0,435,17630,2610220,
B_pool30_hot1,0,435,17645,2617152,
B_pool30_hot1,0,406,17660,2624049,
B_pool30_hot1,0,406,17679,2632087,
B_pool30_hot1,0,435,17695,2638967,
B_pool30_hot1,0,435,17712,2645927,
B_pool30_hot1,0,435,17723,2651338,
B_pool30_hot1,0,435,17738,2659389,
B_pool30_hot1,0,435,17753,2667452,
B_pool30_hot1,0,435,17771,2675137,
B_pool30_hot1,0,435,17782,2680309,
B_pool30_hot1,0,435,17798,2688887,
B_pool30_hot1,0,406,17814,2696005,
B_pool30_hot1,0,435,17830,2703270,
B_pool30_hot1,0,435,17842,2709802,
B_pool30_hot1,0,435,17858,2717475,
B_pool30_hot1,0,435,17876,2725647,
B_pool30_hot1,0,406,17892,2732628,
B_pool30_hot1,0,406,17905,2738649,
B_pool30_hot1,0,406,17921,2746182,
B_pool30_hot1,0,406,17934,2752905,
B_pool30_hot1,0,435,17951,2761458,
B_pool30_hot1,0,435,17966,2768351,
B_pool30_hot1,0,435,17980,2775454,
B_pool30_hot1,0,406,17997,2782435,
B_pool30_hot1,0,435,18014,2790120,
B_pool30_hot1,0,435,18028,2797207,
B_pool30_hot1,0,435,18044,2804722,
B_pool30_hot1,0,406,18063,2812331,
B_pool30_hot1,0,435,18080,2819185,
B_pool30_hot1,0,435,18093,2825096,
B_pool30_hot1,0,435,18109,2832868,
B_pool30_hot1,0,406,18126,2840525,
B_pool30_hot1,0,406,18143,2847727,
B_pool30_hot1,0,435,18157,2854527,
B_pool30_hot1,0,435,18172,2861840,
B_pool30_hot1,0,406,18188,2868720,
B_pool30_hot1,0,435,18204,2875892,
B_pool30_hot1,0,435,18219,2883364,
B_pool30_hot1,0,406,18235,2890398,
B_pool30_hot1,0,435,18252,2898353,
B_pool30_hot1,0,435,18271,2905730,
B_pool30_hot1,0,435,18285,2911767,
B_pool30_hot1,0,435,18302,2919911,
B_pool30_hot1,0,435,18319,2926771,
B_pool30_hot1,0,435,18337,2934308,
B_pool30_hot1,0,435,18351,2940690,
B_pool30_hot1,0,406,18371,2949468,
B_pool30_hot1,0,435,18392,2957021,
B_pool30_hot1,0,435,18414,2964476,
B_pool30_hot1,0,435,18432,2971268,
B_pool30_hot1,0,435,18452,2978314,
B_pool30_hot1,0,435,18474,2986124,
B_pool30_hot1,0,406,18496,2993273,
B_pool30_hot1,0,406,18513,2999315,
B_pool30_hot1,0,91,18518,3007174,
warm_C,0,0,18518,3011553,
warm_C,0,36,18536,3012370,
warm_C,0,45,18553,3014496,
warm_C,0,45,18570,3016637,
warm_C,0,36,18588,3018847,
warm_C,0,36,18605,3020887,
warm_C,0,0,18617,3023378,
C_pool10_tiers10,0,0,18617,3023378,
C_pool10_tiers10,0,3,18625,3023436,
C_pool10_tiers10,0,0,18629,3023564,
C_pool10_tiers10,0,2,18643,3023721,
C_pool10_tiers10,0,0,18649,3023803,
C_pool10_tiers10,0,1,18659,3023940,
C_pool10_tiers10,0,0,18668,3024120,
C_pool10_tiers10,0,2,18692,3024695,
C_pool10_tiers10,0,0,18696,3024775,
C_pool10_tiers10,0,0,18709,3024907,
C_pool10_tiers10,0,0,18715,3025008,
C_pool10_tiers10,0,0,18728,3025205,
C_pool10_tiers10,0,0,18739,3025274,
C_pool10_tiers10,0,0,18749,3025455,
C_pool10_tiers10,0,0,18757,3025616,
C_pool10_tiers10,0,0,18765,3025753,
C_pool10_tiers10,0,0,18772,3025903,
C_pool10_tiers10,0,0,18780,3026037,
C_pool10_tiers10,0,0,18789,3026235,
C_pool10_tiers10,0,0,18798,3026377,
C_pool10_tiers10,0,0,18810,3026567,
C_pool10_tiers10,0,0,18824,3026778,
C_pool10_tiers10,0,1,18832,3026873,
C_pool10_tiers10,0,0,18843,3026999,
C_pool10_tiers10,0,0,18858,3027175,
C_pool10_tiers10,0,1,18873,3027305,
C_pool10_tiers10,0,0,18884,3027572,
A2_pool10_hot1,0,0,18886,3027582,
A2_pool10_hot1,0,10,18897,3027929,
A2_pool10_hot1,0,21,18918,3028784,
A2_pool10_hot1,0,45,18938,3030606,
A2_pool10_hot1,0,45,18954,3032761,
A2_pool10_hot1,0,45,18969,3034979,
A2_pool10_hot1,0,45,18983,3036935,
A2_pool10_hot1,0,45,18999,3039542,
A2_pool10_hot1,0,45,19017,3041831,
A2_pool10_hot1,0,45,19035,3043965,
A2_pool10_hot1,0,45,19050,3046051,
A2_pool10_hot1,0,45,19068,3048396,
A2_pool10_hot1,0,36,19085,3050725,
A2_pool10_hot1,0,45,19102,3052739,
A2_pool10_hot1,0,36,19117,3054887,
A2_pool10_hot1,0,45,19134,3057221,
A2_pool10_hot1,0,36,19150,3059530,
A2_pool10_hot1,0,45,19167,3061657,
A2_pool10_hot1,0,36,19181,3063793,
A2_pool10_hot1,0,45,19200,3066097,
A2_pool10_hot1,0,45,19219,3068379,
A2_pool10_hot1,0,45,19235,3070428,
A2_pool10_hot1,0,45,19250,3072662,
A2_pool10_hot1,0,45,19267,3074948,
A2_pool10_hot1,0,45,19283,3077109,
A2_pool10_hot1,0,45,19299,3079172,
A2_pool10_hot1,0,45,19315,3081444,
A2_pool10_hot1,0,45,19331,3083746,
A2_pool10_hot1,0,45,19350,3085943,
A2_pool10_hot1,0,45,19366,3088251,
A2_pool10_hot1,0,45,19380,3090216,
A2_pool10_hot1,0,45,19398,3092742,
A2_pool10_hot1,0,45,19416,3094897,
A2_pool10_hot1,0,45,19433,3097124,
A2_pool10_hot1,0,45,19446,3098977,
A2_pool10_hot1,0,45,19461,3101388,
A2_pool10_hot1,0,45,19477,3103693,
A2_pool10_hot1,0,36,19492,3105901,
A2_pool10_hot1,0,45,19506,3107835,
A2_pool10_hot1,0,45,19522,3110214,
A2_pool10_hot1,0,36,19539,3112623,
A2_pool10_hot1,0,36,19557,3114911,
A2_pool10_hot1,0,45,19573,3116804,
A2_pool10_hot1,0,36,19587,3119002,
A2_pool10_hot1,0,45,19604,3121456,
A2_pool10_hot1,0,45,19618,3123560,
A2_pool10_hot1,0,45,19631,3125491,
A2_pool10_hot1,0,45,19643,3127901,
A2_pool10_hot1,0,45,19660,3130242,
A2_pool10_hot1,0,45,19675,3132418,
A2_pool10_hot1,0,45,19689,3134471,
A2_pool10_hot1,0,45,19703,3136915,
A2_pool10_hot1,0,36,19723,3139240,
A2_pool10_hot1,0,45,19742,3141347,
A2_pool10_hot1,0,45,19760,3143349,
A2_pool10_hot1,0,45,19777,3145704,
A2_pool10_hot1,0,45,19797,3147983,
A2_pool10_hot1,0,45,19815,3150165,
A2_pool10_hot1,0,45,19833,3152328,
A2_pool10_hot1,0,45,19853,3154629,
A2_pool10_hot1,0,45,19873,3156965,
A2_pool10_hot1,0,45,19894,3159188,
