"phase","scope","step","samples","meanMs","p95Ms"
"ample_16","inventory.reserve.transaction","pool.acquire","1000","27.283","45.865"
"ample_16","inventory.reserve.transaction","pool.hold","1000","161.539","201"
"ample_16","inventory.reserve.transaction","sql.reservation.insert","1000","0.997","1.383"
"ample_16","inventory.reserve.transaction","sql.reservation.lock","1000","0.616","1.125"
"ample_16","inventory.reserve.transaction","sql.stock.update","1000","143.374","181.53"
"ample_16","inventory.reserve.transaction","total","1000","189.399","232.606"
"ample_16","inventory.reserve.transaction","transaction","1000","189.375","232.591"
"ample_16","inventory.reserve.transaction","transaction.other","1000","44.388","66.323"
"ample_16","order.create","business","1000","253.793","300.343"
"ample_16","order.create","detail.query","1000","0.944","1.417"
"ample_16","order.create","event.http","1000","5.021","8.215"
"ample_16","order.create","idempotency.lookup","1000","0.538","0.82"
"ample_16","order.create","inventory.http","1000","192.666","235.678"
"ample_16","order.create","inventory.workflow","1000","227.532","271.52"
"ample_16","order.create","local.transaction","1000","19.709","29.763"
"ample_16","order.create","pool.acquire","1000","0.262","0.022"
"ample_16","order.create","pool.hold","1000","51.777","70"
"ample_16","order.create","sql.item.insert","1000","0.689","1.029"
"ample_16","order.create","sql.order.insert","1000","0.867","1.376"
"ample_16","order.create","sql.quota.ensure","1000","0.424","0.675"
"ample_16","order.create","sql.quota.occupy","1000","0.417","0.712"
"ample_16","order.create","total","1000","253.796","300.348"
"ample_16","order.create","transaction.other","1000","17.313","27.141"
"ample_16","order.create","workflow.claim","1000","17.213","25.861"
"ample_16","order.create","workflow.finish","1000","16.673","26.378"
"ample_16","order.create","workflow.lookup","1000","0.577","0.88"
"ample_256","inventory.reserve.transaction","pool.acquire","1000","2426.706","2978.313"
"ample_256","inventory.reserve.transaction","pool.hold","1000","150.278","195"
"ample_256","inventory.reserve.transaction","sql.reservation.insert","1000","0.56","0.893"
"ample_256","inventory.reserve.transaction","sql.reservation.lock","1000","0.42","0.684"
"ample_256","inventory.reserve.transaction","sql.stock.update","1000","134.09","176.496"
"ample_256","inventory.reserve.transaction","total","1000","2577.55","3138.695"
"ample_256","inventory.reserve.transaction","transaction","1000","2577.539","3138.685"
"ample_256","inventory.reserve.transaction","transaction.other","1000","2442.469","2995.614"
"ample_256","order.create","business","1000","2778.758","3213.323"
"ample_256","order.create","detail.query","1000","5.49","1.332"
"ample_256","order.create","event.http","1000","4.63","10.115"
"ample_256","order.create","idempotency.lookup","1000","32.393","181.877"
"ample_256","order.create","inventory.http","1000","2580.391","3140.605"
"ample_256","order.create","inventory.workflow","1000","2676.208","3182.874"
"ample_256","order.create","local.transaction","1000","60.012","246.988"
"ample_256","order.create","pool.acquire","1000","138.452","759.881"
"ample_256","order.create","pool.hold","1000","51.71","72"
"ample_256","order.create","sql.item.insert","1000","0.556","0.807"
"ample_256","order.create","sql.order.insert","1000","0.673","0.999"
"ample_256","order.create","sql.quota.ensure","1000","0.427","0.616"
"ample_256","order.create","sql.quota.occupy","1000","0.438","0.673"
"ample_256","order.create","total","1000","2778.76","3213.325"
"ample_256","order.create","transaction.other","1000","57.919","244.924"
"ample_256","order.create","workflow.claim","1000","50.427","226.269"
"ample_256","order.create","workflow.finish","1000","25.898","65.932"
"ample_256","order.create","workflow.lookup","1000","15.946","111.003"
"ample_64","inventory.reserve.transaction","pool.acquire","1000","769.079","922.817"
"ample_64","inventory.reserve.transaction","pool.hold","1000","159.224","209"
"ample_64","inventory.reserve.transaction","sql.reservation.insert","1000","0.975","1.204"
"ample_64","inventory.reserve.transaction","sql.reservation.lock","1000","0.501","0.835"
"ample_64","inventory.reserve.transaction","sql.stock.update","1000","141.535","187.409"
"ample_64","inventory.reserve.transaction","total","1000","928.86","1085.014"
"ample_64","inventory.reserve.transaction","transaction","1000","928.846","1085.003"
"ample_64","inventory.reserve.transaction","transaction.other","1000","785.836","940.028"
"ample_64","order.create","business","1000","1001.222","1150.499"
"ample_64","order.create","detail.query","1000","0.982","1.311"
"ample_64","order.create","event.http","1000","4.351","7.099"
"ample_64","order.create","idempotency.lookup","1000","2.927","11.706"
"ample_64","order.create","inventory.http","1000","931.625","1087.872"
"ample_64","order.create","inventory.workflow","1000","970.485","1125.088"
"ample_64","order.create","local.transaction","1000","22.448","49.606"
"ample_64","order.create","pool.acquire","1000","9.753","107.886"
"ample_64","order.create","pool.hold","1000","51.785","73"
"ample_64","order.create","sql.item.insert","1000","0.618","0.854"
"ample_64","order.create","sql.order.insert","1000","0.907","1.17"
"ample_64","order.create","sql.quota.ensure","1000","0.351","0.608"
"ample_64","order.create","sql.quota.occupy","1000","0.392","0.663"
"ample_64","order.create","total","1000","1001.224","1150.501"
"ample_64","order.create","transaction.other","1000","20.18","45.155"
"ample_64","order.create","workflow.claim","1000","18.73","30.428"
"ample_64","order.create","workflow.finish","1000","17.342","28.34"
"ample_64","order.create","workflow.lookup","1000","2.067","1.015"
"warmup","inventory.reserve.transaction","pool.acquire","100","11.941","38.711"
"warmup","inventory.reserve.transaction","pool.hold","100","163.45","201"
"warmup","inventory.reserve.transaction","sql.reservation.insert","100","2.195","7.359"
"warmup","inventory.reserve.transaction","sql.reservation.lock","100","1.581","2.323"
"warmup","inventory.reserve.transaction","sql.stock.update","100","140.462","182.92"
"warmup","inventory.reserve.transaction","total","100","176.323","215.626"
"warmup","inventory.reserve.transaction","transaction","100","176.003","215.601"
"warmup","inventory.reserve.transaction","transaction.other","100","31.766","60.559"
"warmup","order.create","business","100","332.642","711.662"
"warmup","order.create","detail.query","100","1.959","3.357"
"warmup","order.create","event.http","100","48.19","240.859"
"warmup","order.create","idempotency.lookup","100","1.34","3.806"
"warmup","order.create","inventory.http","100","195.657","261.405"
"warmup","order.create","inventory.workflow","100","237.139","296.657"
"warmup","order.create","local.transaction","100","43.492","162.365"
"warmup","order.create","pool.acquire","100","9.643","127.342"
"warmup","order.create","pool.hold","100","71.59","166"
"warmup","order.create","sql.item.insert","100","2.37","11.875"
"warmup","order.create","sql.order.insert","100","9.778","81.745"
"warmup","order.create","sql.quota.ensure","100","1.137","3.871"
"warmup","order.create","sql.quota.occupy","100","1.051","2.722"
"warmup","order.create","total","100","332.827","712.698"
"warmup","order.create","transaction.other","100","29.156","154.178"
"warmup","order.create","workflow.claim","100","18.837","31.21"
"warmup","order.create","workflow.finish","100","19.465","28.217"
"warmup","order.create","workflow.lookup","100","1.946","8.193"
